<?xml version="1.0" encoding="UTF-8"?>
<beans:beans xmlns="http://www.springframework.org/schema/mvc"
	xmlns:xsi="http://www.w3.org/2001/XMLSchema-instance"
	xmlns:beans="http://www.springframework.org/schema/beans"
	xmlns:context="http://www.springframework.org/schema/context"
	xsi:schemaLocation="http://www.springframework.org/schema/mvc https://www.springframework.org/schema/mvc/spring-mvc.xsd
		http://www.springframework.org/schema/beans https://www.springframework.org/schema/beans/spring-beans.xsd
		http://www.springframework.org/schema/context https://www.springframework.org/schema/context/spring-context.xsd">

	<!-- DispatcherServlet Context: defines this servlet's request-processing infrastructure -->
	
	<!-- Enables the Spring MVC @Controller programming model -->
	<annotation-driven />

	<!-- Handles HTTP GET requests for /resources/** by efficiently serving up static resources in the ${webappRoot}/resources directory -->
	<resources mapping="/resources/**" location="/resources/" />

	<!-- Resolves views selected for rendering by @Controllers to .jsp resources in the /WEB-INF/views directory -->
	<beans:bean class="org.springframework.web.servlet.view.InternalResourceViewResolver">
		<beans:property name="prefix" value="/WEB-INF/views/" />
		<beans:property name="suffix" value=".jsp" />
	</beans:bean>
	<!-- NaverLoginBO Class에 대한 Bean설정 추가 -->
	<beans:bean class="com.green.dehome.naver.NaverLoginBO" id="naverLoginBO"/>
	<!-- 파일업로드 처리를 위한 데이터 처리객체 -->
	<beans:bean id="multipartResolver" class="org.springframework.web.multipart.commons.CommonsMultipartResolver">
		<beans:property name="maxUploadSize" value="10485760" />
		<beans:property name="defaultEncoding" value="UTF-8" />
	</beans:bean> 
	<!-- 업로드 패스 설정 -->
	<resources mapping="/imgUpload/**" location="/resources/imgUpload/" />
	
	<beans:bean class="java.lang.String" id="uploadPath">
		<beans:constructor-arg value="/var/lib/tomcat9/webapps/whose/resources"/>
	</beans:bean>

	<context:component-scan base-package="com.green.dehome" />
</beans:beans>
