<?xml version="1.0" encoding="UTF-8"?>
<beans xmlns="http://www.springframework.org/schema/beans"
	xmlns:xsi="http://www.w3.org/2001/XMLSchema-instance"
	xmlns:aop="http://www.springframework.org/schema/aop"
	xmlns:context="http://www.springframework.org/schema/context"
	xmlns:jdbc="http://www.springframework.org/schema/jdbc"
	xmlns:mybatis-spring="http://mybatis.org/schema/mybatis-spring"
	xsi:schemaLocation="http://www.springframework.org/schema/jdbc http://www.springframework.org/schema/jdbc/spring-jdbc-4.3.xsd
		http://mybatis.org/schema/mybatis-spring http://mybatis.org/schema/mybatis-spring-1.2.xsd
		http://www.springframework.org/schema/beans https://www.springframework.org/schema/beans/spring-beans.xsd
		http://www.springframework.org/schema/context http://www.springframework.org/schema/context/spring-context-4.3.xsd
		http://www.springframework.org/schema/aop http://www.springframework.org/schema/aop/spring-aop-4.3.xsd">
	
	<!-- Root Context: defines shared resources visible to all other web components -->
	<!-- Root Context: defines shared resources visible to all other web components -->
	<bean id="dataSource" class="org.springframework.jdbc.datasource.DriverManagerDataSource">
        <property name="driverClassName" value="com.mysql.cj.jdbc.Driver"></property>
		<!-- url 및 username, password value값 자기한테 맞게 설정 -->
        <property name="url" value="jdbc:mysql://127.0.0.1:3306/test?useSSL=false&amp;serverTimezone=Asia/Seoul">
        </property>
        <property name="username" value="root"></property>
        <property name="password" value="root"></property>
    </bean>        
     
    <!-- mybatis SqlSessionFactoryBean -->
    <bean id="sqlSessionFactoryBean" class="org.mybatis.spring.SqlSessionFactoryBean">
        <property name="dataSource" ref="dataSource"></property>
        <!-- sql config가 같이 실행되도록 설정 -->
        <property name="configLocation" value="classpath:/sql_config.xml"></property>
        <property name="mapperLocations" value="classpath:mappers/**/*Mapper.xml"></property>
    </bean>
	
	<bean id="sqlSession" class="org.mybatis.spring.SqlSessionTemplate" destroy-method="clearCache">
		<constructor-arg name="sqlSessionFactory" ref="sqlSessionFactoryBean"></constructor-arg>
	</bean>
	
	<!-- navermail설정 -->
    <bean id="mailSender" class="org.springframework.mail.javamail.JavaMailSenderImpl"> 
     <property name="host" value="smtp.naver.com"/> <!-- 메이서버 호스트 -->
     <property name="port" value="465"/> <!-- 메이서버 포트번호 -->
     <property name="username" value="ruddbs273"/> <!-- 자신의 이메일 아이디 -->
     <property name="password" value="rlaruddbs1!"/> <!-- 자신의 비밀번호 -->
   	<!-- 보안연결 SSL과 관련된 설정 -->
     <property name="javaMailProperties">
      <props>
      <prop key="mail.smtp.auth">true</prop>
      <prop key="mail.smtp.starttls.enable">true</prop>
      <prop key="mail.smtps.checkserveridentity">true</prop>
      <prop key="mail.smtps.ssl.trust">*</prop>
      <prop key="mail.debug">true</prop>
      <prop key="mail.smtp.socketFactory.class">javax.net.ssl.SSLSocketFactory</prop>
      </props>
     </property>
    </bean>
</beans>
